<?xml version="1.0" encoding="UTF-8"?>
<window>
    <defaultcontrol always="true">10</defaultcontrol>
    <animation type="WindowOpen" reversible="false">
        <effect type="slide" start="0,-260" end="0,0" time="350" />
    </animation>
        
    <!-- Start Controls -->
    
            <controls>
            <control type="image">
				<top>0</top>
                <width>100%</width>
                <height>250</height>
                <texture colordiffuse="$INFO[Window().Property(tikiskins.highlight)]">common/gradients/gradient-diffuse-reverse.png</texture>
        </control>
            
            <control type="group">
                <left>50</left>
 
            <control type="group">
                <left>5</left>
                <top>5</top>
 
                <!-- Fanart -->
                
            <control type="image">
                <texture diffuse="diffuse/landscape_w284_h160.png">$INFO[Window.Property(tikiskins.fanart)]</texture>
                <top>50</top>
                <left>40</left>
                <width>284</width>
                <height>160</height>
                <aspectratio scalediffuse="false">scale</aspectratio>
        </control>
                
                <!-- Progress bar -->
            <control type="progress" id="5000">
                <description>Progressbar</description>
                <top>210</top>
                <left>40</left>
                <width>284</width>
                <height>8</height>
                <reveal>true</reveal>
        </control>
                
                <!-- Next Episode timer -->
                
            <control type="group">
             <visible>String.IsEqual(Window.Property(tikiskins.nextep_function),next_ep)</visible>
                <left>350</left>
            <control type="label">
                <top>40</top>
                <height>40</height>
                <aligny>centre</aligny>
                <align>left</align>
                <textcolor>CCFFFFFF</textcolor>
                <font>font10</font>
                <label>Next Episode in [COLOR $INFO[Window().Property(tikiskins.highlight)]]$INFO[Player.TimeRemaining()][/COLOR]</label>
        </control>
                    
                    <!-- Next Episode details -->                 
            <control type="group">
                <top>100</top>
                <height>40</height>
            <control type="group">
                <centertop>50%</centertop>
                <height>80</height>
                        
<!--            <control type="image">
                <aspectratio align="left">keep</aspectratio>
                <texture colordiffuse="FFCCCCCC">common/info.png</texture>
                <width>37</width>
                <height>37</height>
        	</control>-->
                       
                   <control type="textbox">
                        <width>720</width>
                        <height>96</height>
                        <font>font18</font>
                        <label>$INFO[Window.Property(tikiskins.next_episode)]</label>
                        <textcolor>FFB7B4BB</textcolor>
                        <autoscroll>true</autoscroll>
                   </control>
    </control>
</control>
                    
                    <!-- Buttons -->

                <control type="group">
                        <top>160</top>
                        <height>70</height>
						<left>0</left>
                        <bottom>0</bottom>
                        
                        <!-- Hide -->    
                        
                        <control type="button" id="10">
                            <description>Hide</description>
                            <animation effect="zoom" start="100" end="102" time="50" tween="sine" easing="inout" center="auto">Focus</animation>
                            <animation effect="zoom" start="102" end="100" time="50" tween="sine" easing="inout" center="auto">Unfocus</animation>
                            <left>0</left>
                            <top>10</top>
                            <width>160</width>
                            <height>45</height>
                            <onleft>12</onleft>
                            <onright>11</onright>
                            <label>$ADDON[plugin.video.johno 32182]</label>
                            <font>font10</font>
                            <textcolor>FFB7B4BB</textcolor>
                            <focusedcolor>FFB7B4BB</focusedcolor>
                            <texturefocus colordiffuse="$INFO[Window().Property(tikiskins.highlight)]">common/white.png</texturefocus>
                            <texturenofocus colordiffuse="FF4a4347">common/white.png</texturenofocus>
                            <align>center</align>
                        </control>
                        
                         <!-- Play -->
                        
                        <control type="button" id="11">
                            <description>Play</description>
                            <animation effect="zoom" start="100" end="102" time="50" tween="sine" easing="inout" center="auto">Focus</animation>
                            <animation effect="zoom" start="102" end="100" time="50" tween="sine" easing="inout" center="auto">Unfocus</animation>
                            <left>180</left>
                            <top>10</top>
                            <width>160</width>
                            <height>45</height>
                            <onleft>10</onleft>
                            <onright>12</onright>
                            <label>$ADDON[plugin.video.johno 32764]</label>
                            <font>font10</font>
                            <textcolor>FFB7B4BB</textcolor>
                            <focusedcolor>FFB7B4BB</focusedcolor>
                            <texturefocus colordiffuse="$INFO[Window().Property(tikiskins.highlight)]">common/white.png</texturefocus>
                            <texturenofocus colordiffuse="FF4a4347">common/white.png</texturenofocus>
                            <align>center</align>
                        </control>
                        
                         <!-- Cancel -->  
                        
                        <control type="button" id="12">
                            <description>Cancel</description>
                            <animation effect="zoom" start="100" end="102" time="50" tween="sine" easing="inout" center="auto">Focus</animation>
                            <animation effect="zoom" start="102" end="100" time="50" tween="sine" easing="inout" center="auto">Unfocus</animation>
                            <left>360</left>
                            <top>10</top>
                            <width>160</width>
                            <height>45</height>
                            <onleft>11</onleft>
                            <onright>10</onright>
                            <label>$ADDON[plugin.video.johno 32840]</label>
                            <font>font10</font>
                            <textcolor>FFB7B4BB</textcolor>
                            <focusedcolor>FFB7B4BB</focusedcolor>
                            <texturefocus colordiffuse="$INFO[Window().Property(tikiskins.highlight)]">common/white.png</texturefocus>
                            <texturenofocus colordiffuse="FF4a4347">common/white.png</texturenofocus>
                            <align>center</align>
                        </control>
                    </control>
                </control>
                
                
                           
               
                <!-- Still watching dialog -->
                
                    <control type="group">
                    <visible>String.IsEqual(Window.Property(tikiskins.nextep_function),confirm)</visible>
                        
                <control type="label">
                        <top>40</top>
                        <left>350</left>
                        <width>250</width>
                        <height>20</height>
                        <aligny>bottom</aligny>
                        <align>left</align>
                        <font>font14</font>
                        <label>[B]$ADDON[plugin.video.johno 32802][/B]</label>
                    </control>
                    
                     <control type="textbox">
                        <left>350</left>
                        <top>80</top>
                        <width>420</width>
                        <height>96</height>
                        <font>font12</font>
                        <align>left</align>
                        <aligny>bottom</aligny>
                        <label>$INFO[Window.Property(tikiskins.title)]</label>
                        <textcolor>FFB7B4BB</textcolor>
                        <autoscroll>true</autoscroll>
                    </control>
                      
                        <control type="button" id="10">
                            <description>Yes</description>
                            <animation effect="zoom" start="100" end="102" time="50" tween="sine" easing="inout" center="auto">Focus</animation>
                            <animation effect="zoom" start="102" end="100" time="50" tween="sine" easing="inout" center="auto">Unfocus</animation>
                            <left>350</left>
                            <top>170</top>
                            <width>160</width>
                            <height>45</height>
                            <onleft>11</onleft>
                            <onright>11</onright>
                            <label>$ADDON[plugin.video.johno 32824]</label>
                            <font>font10</font>
                            <textcolor>FFB7B4BB</textcolor>
                            <focusedcolor>FFB7B4BB</focusedcolor>
                            <texturefocus colordiffuse="$INFO[Window().Property(tikiskins.highlight)]">common/white.png</texturefocus>
                            <texturenofocus colordiffuse="FF4a4347">common/white.png</texturenofocus>
                            <align>center</align>
                        </control>
                        
                        <control type="button" id="11">
                            <description>No</description>
                            <animation effect="zoom" start="100" end="102" time="100" tween="sine" easing="inout" center="auto">Focus</animation>
                            <animation effect="zoom" start="102" end="100" time="100" tween="sine" easing="inout" center="auto">Unfocus</animation>
                            <left>530</left>
                            <top>170</top>
                            <width>160</width>
                            <height>45</height>
                            <onleft>10</onleft>
                            <onright>10</onright>
                            <label>$ADDON[plugin.video.johno 32828]</label>
                            <font>font10</font>
                            <textcolor>FFB7B4BB</textcolor>
                            <focusedcolor>FFB7B4BB</focusedcolor>
                            <texturefocus colordiffuse="$INFO[Window().Property(tikiskins.highlight)]">common/white.png</texturefocus>
                            <texturenofocus colordiffuse="FF4a4347">common/white.png</texturenofocus>
                            <align>center</align>
                        </control>
                </control>
 
   
 </control>
        </control>
    </controls>
</window>
