<?xml version="1.0" encoding="UTF-8" standalone="yes"?>
<addon id="repository.johno" name="JohnO Systems" version="0.0.1" provider-name="JohnO-Systems">
    <extension point="xbmc.addon.repository" name="JohnO Systems Repository">
        <dir>
            <info compressed="false">https://raw.githubusercontent.com/johno14/JohnO-Systems/main/zips/addons.xml</info>
            <checksum>https://raw.githubusercontent.com/johno14/JohnO-Systems/main/zips/addons.xml.md5</checksum>
            <datadir zip="true">https://raw.githubusercontent.com/johno14/JohnO-Systems/main/zips/</datadir>
        </dir>
    </extension>
    <extension point="xbmc.addon.metadata">
        <summary>JohnO Systems</summary>
        <description>JohnO Systems</description>
        <disclaimer></disclaimer>
        <platform>all</platform>
        <assets>
            <icon>icon.png</icon>
            <fanart>fanart.jpg</fanart>
        </assets>
    </extension>
</addon>
